county,year,month,date,temperature,rainfall
Dublin,2015,1,2015-01,7.5,3.0
Dublin,2015,2,2015-02,7.5,3.0
Dublin,2015,3,2015-03,10.5,2.0
Dublin,2015,4,2015-04,10.5,2.0
Dublin,2015,5,2015-05,10.5,2.0
Dublin,2015,6,2015-06,13.5,1.5
Dublin,2015,7,2015-07,13.5,1.5
Dublin,2015,8,2015-08,13.5,1.5
Dublin,2015,9,2015-09,9.5,2.5
Dublin,2015,10,2015-10,9.5,2.5
Dublin,2015,11,2015-11,9.5,2.5
Dublin,2015,12,2015-12,7.5,3.0
Dublin,2016,1,2016-01,7.53,3.0
Dublin,2016,2,2016-02,7.53,3.0
Dublin,2016,3,2016-03,10.53,2.0
Dublin,2016,4,2016-04,10.53,2.0
Dublin,2016,5,2016-05,10.53,2.0
Dublin,2016,6,2016-06,13.53,1.5
Dublin,2016,7,2016-07,13.53,1.5
Dublin,2016,8,2016-08,13.53,1.5
Dublin,2016,9,2016-09,9.53,2.5
Dublin,2016,10,2016-10,9.53,2.5
Dublin,2016,11,2016-11,9.53,2.5
Dublin,2016,12,2016-12,7.53,3.0
Dublin,2017,1,2017-01,7.56,3.0
Dublin,2017,2,2017-02,7.56,3.0
Dublin,2017,3,2017-03,10.56,2.0
Dublin,2017,4,2017-04,10.56,2.0
Dublin,2017,5,2017-05,10.56,2.0
Dublin,2017,6,2017-06,13.56,1.5
Dublin,2017,7,2017-07,13.56,1.5
Dublin,2017,8,2017-08,13.56,1.5
Dublin,2017,9,2017-09,9.56,2.5
Dublin,2017,10,2017-10,9.56,2.5
Dublin,2017,11,2017-11,9.56,2.5
Dublin,2017,12,2017-12,7.56,3.0
Dublin,2018,1,2018-01,7.59,3.0
Dublin,2018,2,2018-02,7.59,3.0
Dublin,2018,3,2018-03,10.59,2.0
Dublin,2018,4,2018-04,10.59,2.0
Dublin,2018,5,2018-05,10.59,2.0
Dublin,2018,6,2018-06,13.59,1.5
Dublin,2018,7,2018-07,13.59,1.5
Dublin,2018,8,2018-08,13.59,1.5
Dublin,2018,9,2018-09,9.59,2.5
Dublin,2018,10,2018-10,9.59,2.5
Dublin,2018,11,2018-11,9.59,2.5
Dublin,2018,12,2018-12,7.59,3.0
Dublin,2019,1,2019-01,7.62,3.0
Dublin,2019,2,2019-02,7.62,3.0
Dublin,2019,3,2019-03,10.62,2.0
Dublin,2019,4,2019-04,10.62,2.0
Dublin,2019,5,2019-05,10.62,2.0
Dublin,2019,6,2019-06,13.62,1.5
Dublin,2019,7,2019-07,13.62,1.5
Dublin,2019,8,2019-08,13.62,1.5
Dublin,2019,9,2019-09,9.62,2.5
Dublin,2019,10,2019-10,9.62,2.5
Dublin,2019,11,2019-11,9.62,2.5
Dublin,2019,12,2019-12,7.62,3.0
Dublin,2020,1,2020-01,7.65,3.0
Dublin,2020,2,2020-02,7.65,3.0
Dublin,2020,3,2020-03,10.65,2.0
Dublin,2020,4,2020-04,10.65,2.0
Dublin,2020,5,2020-05,10.65,2.0
Dublin,2020,6,2020-06,13.65,1.5
Dublin,2020,7,2020-07,13.65,1.5
Dublin,2020,8,2020-08,13.65,1.5
Dublin,2020,9,2020-09,9.65,2.5
Dublin,2020,10,2020-10,9.65,2.5
Dublin,2020,11,2020-11,9.65,2.5
Dublin,2020,12,2020-12,7.65,3.0
Dublin,2021,1,2021-01,7.68,3.0
Dublin,2021,2,2021-02,7.68,3.0
Dublin,2021,3,2021-03,10.68,2.0
Dublin,2021,4,2021-04,10.68,2.0
Dublin,2021,5,2021-05,10.68,2.0
Dublin,2021,6,2021-06,13.68,1.5
Dublin,2021,7,2021-07,13.68,1.5
Dublin,2021,8,2021-08,13.68,1.5
Dublin,2021,9,2021-09,9.68,2.5
Dublin,2021,10,2021-10,9.68,2.5
Dublin,2021,11,2021-11,9.68,2.5
Dublin,2021,12,2021-12,7.68,3.0
Dublin,2022,1,2022-01,7.71,3.0
Dublin,2022,2,2022-02,7.71,3.0
Dublin,2022,3,2022-03,10.71,2.0
Dublin,2022,4,2022-04,10.71,2.0
Dublin,2022,5,2022-05,10.71,2.0
Dublin,2022,6,2022-06,13.71,1.5
Dublin,2022,7,2022-07,13.71,1.5
Dublin,2022,8,2022-08,13.71,1.5
Dublin,2022,9,2022-09,9.71,2.5
Dublin,2022,10,2022-10,9.71,2.5
Dublin,2022,11,2022-11,9.71,2.5
Dublin,2022,12,2022-12,7.71,3.0
Dublin,2023,1,2023-01,7.74,3.0
Dublin,2023,2,2023-02,7.74,3.0
Dublin,2023,3,2023-03,10.74,2.0
Dublin,2023,4,2023-04,10.74,2.0
Dublin,2023,5,2023-05,10.74,2.0
Dublin,2023,6,2023-06,13.74,1.5
Dublin,2023,7,2023-07,13.74,1.5
Dublin,2023,8,2023-08,13.74,1.5
Dublin,2023,9,2023-09,9.74,2.5
Dublin,2023,10,2023-10,9.74,2.5
Dublin,2023,11,2023-11,9.74,2.5
Dublin,2023,12,2023-12,7.74,3.0
Dublin,2024,1,2024-01,7.77,3.0
Dublin,2024,2,2024-02,7.77,3.0
Dublin,2024,3,2024-03,10.77,2.0
Dublin,2024,4,2024-04,10.77,2.0
Dublin,2024,5,2024-05,10.77,2.0
Dublin,2024,6,2024-06,13.77,1.5
Dublin,2024,7,2024-07,13.77,1.5
Dublin,2024,8,2024-08,13.77,1.5
Dublin,2024,9,2024-09,9.77,2.5
Dublin,2024,10,2024-10,9.77,2.5
Dublin,2024,11,2024-11,9.77,2.5
Dublin,2024,12,2024-12,7.77,3.0
Dublin,2025,1,2025-01,7.8,3.0
Dublin,2025,2,2025-02,7.8,3.0
Dublin,2025,3,2025-03,10.8,2.0
Dublin,2025,4,2025-04,10.8,2.0
Galway,2015,1,2015-01,7.0,3.6
Galway,2015,2,2015-02,7.0,3.6
Galway,2015,3,2015-03,10.0,2.4
Galway,2015,4,2015-04,10.0,2.4
Galway,2015,5,2015-05,10.0,2.4
Galway,2015,6,2015-06,13.0,1.8
Galway,2015,7,2015-07,13.0,1.8
Galway,2015,8,2015-08,13.0,1.8
Galway,2015,9,2015-09,9.0,3.0
Galway,2015,10,2015-10,9.0,3.0
Galway,2015,11,2015-11,9.0,3.0
Galway,2015,12,2015-12,7.0,3.6
Galway,2016,1,2016-01,7.03,3.6
Galway,2016,2,2016-02,7.03,3.6
Galway,2016,3,2016-03,10.03,2.4
Galway,2016,4,2016-04,10.03,2.4
Galway,2016,5,2016-05,10.03,2.4
Galway,2016,6,2016-06,13.03,1.8
Galway,2016,7,2016-07,13.03,1.8
Galway,2016,8,2016-08,13.03,1.8
Galway,2016,9,2016-09,9.03,3.0
Galway,2016,10,2016-10,9.03,3.0
Galway,2016,11,2016-11,9.03,3.0
Galway,2016,12,2016-12,7.03,3.6
Galway,2017,1,2017-01,7.06,3.6
Galway,2017,2,2017-02,7.06,3.6
Galway,2017,3,2017-03,10.06,2.4
Galway,2017,4,2017-04,10.06,2.4
Galway,2017,5,2017-05,10.06,2.4
Galway,2017,6,2017-06,13.06,1.8
Galway,2017,7,2017-07,13.06,1.8
Galway,2017,8,2017-08,13.06,1.8
Galway,2017,9,2017-09,9.06,3.0
Galway,2017,10,2017-10,9.06,3.0
Galway,2017,11,2017-11,9.06,3.0
Galway,2017,12,2017-12,7.06,3.6
Galway,2018,1,2018-01,7.09,3.6
Galway,2018,2,2018-02,7.09,3.6
Galway,2018,3,2018-03,10.09,2.4
Galway,2018,4,2018-04,10.09,2.4
Galway,2018,5,2018-05,10.09,2.4
Galway,2018,6,2018-06,13.09,1.8
Galway,2018,7,2018-07,13.09,1.8
Galway,2018,8,2018-08,13.09,1.8
Galway,2018,9,2018-09,9.09,3.0
Galway,2018,10,2018-10,9.09,3.0
Galway,2018,11,2018-11,9.09,3.0
Galway,2018,12,2018-12,7.09,3.6
Galway,2019,1,2019-01,7.12,3.6
Galway,2019,2,2019-02,7.12,3.6
Galway,2019,3,2019-03,10.12,2.4
Galway,2019,4,2019-04,10.12,2.4
Galway,2019,5,2019-05,10.12,2.4
Galway,2019,6,2019-06,13.12,1.8
Galway,2019,7,2019-07,13.12,1.8
Galway,2019,8,2019-08,13.12,1.8
Galway,2019,9,2019-09,9.12,3.0
Galway,2019,10,2019-10,9.12,3.0
Galway,2019,11,2019-11,9.12,3.0
Galway,2019,12,2019-12,7.12,3.6
Galway,2020,1,2020-01,7.15,3.6
Galway,2020,2,2020-02,7.15,3.6
Galway,2020,3,2020-03,10.15,2.4
Galway,2020,4,2020-04,10.15,2.4
Galway,2020,5,2020-05,10.15,2.4
Galway,2020,6,2020-06,13.15,1.8
Galway,2020,7,2020-07,13.15,1.8
Galway,2020,8,2020-08,13.15,1.8
Galway,2020,9,2020-09,9.15,3.0
Galway,2020,10,2020-10,9.15,3.0
Galway,2020,11,2020-11,9.15,3.0
Galway,2020,12,2020-12,7.15,3.6
Galway,2021,1,2021-01,7.18,3.6
Galway,2021,2,2021-02,7.18,3.6
Galway,2021,3,2021-03,10.18,2.4
Galway,2021,4,2021-04,10.18,2.4
Galway,2021,5,2021-05,10.18,2.4
Galway,2021,6,2021-06,13.18,1.8
Galway,2021,7,2021-07,13.18,1.8
Galway,2021,8,2021-08,13.18,1.8
Galway,2021,9,2021-09,9.18,3.0
Galway,2021,10,2021-10,9.18,3.0
Galway,2021,11,2021-11,9.18,3.0
Galway,2021,12,2021-12,7.18,3.6
Galway,2022,1,2022-01,7.21,3.6
Galway,2022,2,2022-02,7.21,3.6
Galway,2022,3,2022-03,10.21,2.4
Galway,2022,4,2022-04,10.21,2.4
Galway,2022,5,2022-05,10.21,2.4
Galway,2022,6,2022-06,13.21,1.8
Galway,2022,7,2022-07,13.21,1.8
Galway,2022,8,2022-08,13.21,1.8
Galway,2022,9,2022-09,9.21,3.0
Galway,2022,10,2022-10,9.21,3.0
Galway,2022,11,2022-11,9.21,3.0
Galway,2022,12,2022-12,7.21,3.6
Galway,2023,1,2023-01,7.24,3.6
Galway,2023,2,2023-02,7.24,3.6
Galway,2023,3,2023-03,10.24,2.4
Galway,2023,4,2023-04,10.24,2.4
Galway,2023,5,2023-05,10.24,2.4
Galway,2023,6,2023-06,13.24,1.8
Galway,2023,7,2023-07,13.24,1.8
Galway,2023,8,2023-08,13.24,1.8
Galway,2023,9,2023-09,9.24,3.0
Galway,2023,10,2023-10,9.24,3.0
Galway,2023,11,2023-11,9.24,3.0
Galway,2023,12,2023-12,7.24,3.6
Galway,2024,1,2024-01,7.27,3.6
Galway,2024,2,2024-02,7.27,3.6
Galway,2024,3,2024-03,10.27,2.4
Galway,2024,4,2024-04,10.27,2.4
Galway,2024,5,2024-05,10.27,2.4
Galway,2024,6,2024-06,13.27,1.8
Galway,2024,7,2024-07,13.27,1.8
Galway,2024,8,2024-08,13.27,1.8
Galway,2024,9,2024-09,9.27,3.0
Galway,2024,10,2024-10,9.27,3.0
Galway,2024,11,2024-11,9.27,3.0
Galway,2024,12,2024-12,7.27,3.6
Galway,2025,1,2025-01,7.3,3.6
Galway,2025,2,2025-02,7.3,3.6
Galway,2025,3,2025-03,10.3,2.4
Galway,2025,4,2025-04,10.3,2.4
Carlow,2015,1,2015-01,7.8,2.76
Carlow,2015,2,2015-02,7.8,2.76
Carlow,2015,3,2015-03,10.8,1.84
Carlow,2015,4,2015-04,10.8,1.84
Carlow,2015,5,2015-05,10.8,1.84
Carlow,2015,6,2015-06,13.8,1.38
Carlow,2015,7,2015-07,13.8,1.38
Carlow,2015,8,2015-08,13.8,1.38
Carlow,2015,9,2015-09,9.8,2.3
Carlow,2015,10,2015-10,9.8,2.3
Carlow,2015,11,2015-11,9.8,2.3
Carlow,2015,12,2015-12,7.8,2.76
Carlow,2016,1,2016-01,7.83,2.76
Carlow,2016,2,2016-02,7.83,2.76
Carlow,2016,3,2016-03,10.83,1.84
Carlow,2016,4,2016-04,10.83,1.84
Carlow,2016,5,2016-05,10.83,1.84
Carlow,2016,6,2016-06,13.83,1.38
Carlow,2016,7,2016-07,13.83,1.38
Carlow,2016,8,2016-08,13.83,1.38
Carlow,2016,9,2016-09,9.83,2.3
Carlow,2016,10,2016-10,9.83,2.3
Carlow,2016,11,2016-11,9.83,2.3
Carlow,2016,12,2016-12,7.83,2.76
Carlow,2017,1,2017-01,7.86,2.76
Carlow,2017,2,2017-02,7.86,2.76
Carlow,2017,3,2017-03,10.86,1.84
Carlow,2017,4,2017-04,10.86,1.84
Carlow,2017,5,2017-05,10.86,1.84
Carlow,2017,6,2017-06,13.86,1.38
Carlow,2017,7,2017-07,13.86,1.38
Carlow,2017,8,2017-08,13.86,1.38
Carlow,2017,9,2017-09,9.86,2.3
Carlow,2017,10,2017-10,9.86,2.3
Carlow,2017,11,2017-11,9.86,2.3
Carlow,2017,12,2017-12,7.86,2.76
Carlow,2018,1,2018-01,7.89,2.76
Carlow,2018,2,2018-02,7.89,2.76
Carlow,2018,3,2018-03,10.89,1.84
Carlow,2018,4,2018-04,10.89,1.84
Carlow,2018,5,2018-05,10.89,1.84
Carlow,2018,6,2018-06,13.89,1.38
Carlow,2018,7,2018-07,13.89,1.38
Carlow,2018,8,2018-08,13.89,1.38
Carlow,2018,9,2018-09,9.89,2.3
Carlow,2018,10,2018-10,9.89,2.3
Carlow,2018,11,2018-11,9.89,2.3
Carlow,2018,12,2018-12,7.89,2.76
Carlow,2019,1,2019-01,7.92,2.76
Carlow,2019,2,2019-02,7.92,2.76
Carlow,2019,3,2019-03,10.92,1.84
Carlow,2019,4,2019-04,10.92,1.84
Carlow,2019,5,2019-05,10.92,1.84
Carlow,2019,6,2019-06,13.92,1.38
Carlow,2019,7,2019-07,13.92,1.38
Carlow,2019,8,2019-08,13.92,1.38
Carlow,2019,9,2019-09,9.92,2.3
Carlow,2019,10,2019-10,9.92,2.3
Carlow,2019,11,2019-11,9.92,2.3
Carlow,2019,12,2019-12,7.92,2.76
Carlow,2020,1,2020-01,7.95,2.76
Carlow,2020,2,2020-02,7.95,2.76
Carlow,2020,3,2020-03,10.95,1.84
Carlow,2020,4,2020-04,10.95,1.84
Carlow,2020,5,2020-05,10.95,1.84
Carlow,2020,6,2020-06,13.95,1.38
Carlow,2020,7,2020-07,13.95,1.38
Carlow,2020,8,2020-08,13.95,1.38
Carlow,2020,9,2020-09,9.95,2.3
Carlow,2020,10,2020-10,9.95,2.3
Carlow,2020,11,2020-11,9.95,2.3
Carlow,2020,12,2020-12,7.95,2.76
Carlow,2021,1,2021-01,7.98,2.76
Carlow,2021,2,2021-02,7.98,2.76
Carlow,2021,3,2021-03,10.98,1.84
Carlow,2021,4,2021-04,10.98,1.84
Carlow,2021,5,2021-05,10.98,1.84
Carlow,2021,6,2021-06,13.98,1.38
Carlow,2021,7,2021-07,13.98,1.38
Carlow,2021,8,2021-08,13.98,1.38
Carlow,2021,9,2021-09,9.98,2.3
Carlow,2021,10,2021-10,9.98,2.3
Carlow,2021,11,2021-11,9.98,2.3
Carlow,2021,12,2021-12,7.98,2.76
Carlow,2022,1,2022-01,8.01,2.76
Carlow,2022,2,2022-02,8.01,2.76
Carlow,2022,3,2022-03,11.01,1.84
Carlow,2022,4,2022-04,11.01,1.84
Carlow,2022,5,2022-05,11.01,1.84
Carlow,2022,6,2022-06,14.01,1.38
Carlow,2022,7,2022-07,14.01,1.38
Carlow,2022,8,2022-08,14.01,1.38
Carlow,2022,9,2022-09,10.01,2.3
Carlow,2022,10,2022-10,10.01,2.3
Carlow,2022,11,2022-11,10.01,2.3
Carlow,2022,12,2022-12,8.01,2.76
Carlow,2023,1,2023-01,8.04,2.76
Carlow,2023,2,2023-02,8.04,2.76
Carlow,2023,3,2023-03,11.04,1.84
Carlow,2023,4,2023-04,11.04,1.84
Carlow,2023,5,2023-05,11.04,1.84
Carlow,2023,6,2023-06,14.04,1.38
Carlow,2023,7,2023-07,14.04,1.38
Carlow,2023,8,2023-08,14.04,1.38
Carlow,2023,9,2023-09,10.04,2.3
Carlow,2023,10,2023-10,10.04,2.3
Carlow,2023,11,2023-11,10.04,2.3
Carlow,2023,12,2023-12,8.04,2.76
Carlow,2024,1,2024-01,8.07,2.76
Carlow,2024,2,2024-02,8.07,2.76
Carlow,2024,3,2024-03,11.07,1.84
Carlow,2024,4,2024-04,11.07,1.84
Carlow,2024,5,2024-05,11.07,1.84
Carlow,2024,6,2024-06,14.07,1.38
Carlow,2024,7,2024-07,14.07,1.38
Carlow,2024,8,2024-08,14.07,1.38
Carlow,2024,9,2024-09,10.07,2.3
Carlow,2024,10,2024-10,10.07,2.3
Carlow,2024,11,2024-11,10.07,2.3
Carlow,2024,12,2024-12,8.07,2.76
Carlow,2025,1,2025-01,8.1,2.76
Carlow,2025,2,2025-02,8.1,2.76
Carlow,2025,3,2025-03,11.1,1.84
Carlow,2025,4,2025-04,11.1,1.84
Clare,2015,1,2015-01,7.2,3.36
Clare,2015,2,2015-02,7.2,3.36
Clare,2015,3,2015-03,10.2,2.24
Clare,2015,4,2015-04,10.2,2.24
Clare,2015,5,2015-05,10.2,2.24
Clare,2015,6,2015-06,13.2,1.68
Clare,2015,7,2015-07,13.2,1.68
Clare,2015,8,2015-08,13.2,1.68
Clare,2015,9,2015-09,9.2,2.8
Clare,2015,10,2015-10,9.2,2.8
Clare,2015,11,2015-11,9.2,2.8
Clare,2015,12,2015-12,7.2,3.36
Clare,2016,1,2016-01,7.23,3.36
Clare,2016,2,2016-02,7.23,3.36
Clare,2016,3,2016-03,10.23,2.24
Clare,2016,4,2016-04,10.23,2.24
Clare,2016,5,2016-05,10.23,2.24
Clare,2016,6,2016-06,13.23,1.68
Clare,2016,7,2016-07,13.23,1.68
Clare,2016,8,2016-08,13.23,1.68
Clare,2016,9,2016-09,9.23,2.8
Clare,2016,10,2016-10,9.23,2.8
Clare,2016,11,2016-11,9.23,2.8
Clare,2016,12,2016-12,7.23,3.36
Clare,2017,1,2017-01,7.26,3.36
Clare,2017,2,2017-02,7.26,3.36
Clare,2017,3,2017-03,10.26,2.24
Clare,2017,4,2017-04,10.26,2.24
Clare,2017,5,2017-05,10.26,2.24
Clare,2017,6,2017-06,13.26,1.68
Clare,2017,7,2017-07,13.26,1.68
Clare,2017,8,2017-08,13.26,1.68
Clare,2017,9,2017-09,9.26,2.8
Clare,2017,10,2017-10,9.26,2.8
Clare,2017,11,2017-11,9.26,2.8
Clare,2017,12,2017-12,7.26,3.36
Clare,2018,1,2018-01,7.29,3.36
Clare,2018,2,2018-02,7.29,3.36
Clare,2018,3,2018-03,10.29,2.24
Clare,2018,4,2018-04,10.29,2.24
Clare,2018,5,2018-05,10.29,2.24
Clare,2018,6,2018-06,13.29,1.68
Clare,2018,7,2018-07,13.29,1.68
Clare,2018,8,2018-08,13.29,1.68
Clare,2018,9,2018-09,9.29,2.8
Clare,2018,10,2018-10,9.29,2.8
Clare,2018,11,2018-11,9.29,2.8
Clare,2018,12,2018-12,7.29,3.36
Clare,2019,1,2019-01,7.32,3.36
Clare,2019,2,2019-02,7.32,3.36
Clare,2019,3,2019-03,10.32,2.24
Clare,2019,4,2019-04,10.32,2.24
Clare,2019,5,2019-05,10.32,2.24
Clare,2019,6,2019-06,13.32,1.68
Clare,2019,7,2019-07,13.32,1.68
Clare,2019,8,2019-08,13.32,1.68
Clare,2019,9,2019-09,9.32,2.8
Clare,2019,10,2019-10,9.32,2.8
Clare,2019,11,2019-11,9.32,2.8
Clare,2019,12,2019-12,7.32,3.36
Clare,2020,1,2020-01,7.35,3.36
Clare,2020,2,2020-02,7.35,3.36
Clare,2020,3,2020-03,10.35,2.24
Clare,2020,4,2020-04,10.35,2.24
Clare,2020,5,2020-05,10.35,2.24
Clare,2020,6,2020-06,13.35,1.68
Clare,2020,7,2020-07,13.35,1.68
Clare,2020,8,2020-08,13.35,1.68
Clare,2020,9,2020-09,9.35,2.8
Clare,2020,10,2020-10,9.35,2.8
Clare,2020,11,2020-11,9.35,2.8
Clare,2020,12,2020-12,7.35,3.36
Clare,2021,1,2021-01,7.38,3.36
Clare,2021,2,2021-02,7.38,3.36
Clare,2021,3,2021-03,10.38,2.24
Clare,2021,4,2021-04,10.38,2.24
Clare,2021,5,2021-05,10.38,2.24
Clare,2021,6,2021-06,13.38,1.68
Clare,2021,7,2021-07,13.38,1.68
Clare,2021,8,2021-08,13.38,1.68
Clare,2021,9,2021-09,9.38,2.8
Clare,2021,10,2021-10,9.38,2.8
Clare,2021,11,2021-11,9.38,2.8
Clare,2021,12,2021-12,7.38,3.36
Clare,2022,1,2022-01,7.41,3.36
Clare,2022,2,2022-02,7.41,3.36
Clare,2022,3,2022-03,10.41,2.24
Clare,2022,4,2022-04,10.41,2.24
Clare,2022,5,2022-05,10.41,2.24
Clare,2022,6,2022-06,13.41,1.68
Clare,2022,7,2022-07,13.41,1.68
Clare,2022,8,2022-08,13.41,1.68
Clare,2022,9,2022-09,9.41,2.8
Clare,2022,10,2022-10,9.41,2.8
Clare,2022,11,2022-11,9.41,2.8
Clare,2022,12,2022-12,7.41,3.36
Clare,2023,1,2023-01,7.44,3.36
Clare,2023,2,2023-02,7.44,3.36
Clare,2023,3,2023-03,10.44,2.24
Clare,2023,4,2023-04,10.44,2.24
Clare,2023,5,2023-05,10.44,2.24
Clare,2023,6,2023-06,13.44,1.68
Clare,2023,7,2023-07,13.44,1.68
Clare,2023,8,2023-08,13.44,1.68
Clare,2023,9,2023-09,9.44,2.8
Clare,2023,10,2023-10,9.44,2.8
Clare,2023,11,2023-11,9.44,2.8
Clare,2023,12,2023-12,7.44,3.36
Clare,2024,1,2024-01,7.47,3.36
Clare,2024,2,2024-02,7.47,3.36
Clare,2024,3,2024-03,10.47,2.24
Clare,2024,4,2024-04,10.47,2.24
Clare,2024,5,2024-05,10.47,2.24
Clare,2024,6,2024-06,13.47,1.68
Clare,2024,7,2024-07,13.47,1.68
Clare,2024,8,2024-08,13.47,1.68
Clare,2024,9,2024-09,9.47,2.8
Clare,2024,10,2024-10,9.47,2.8
Clare,2024,11,2024-11,9.47,2.8
Clare,2024,12,2024-12,7.47,3.36
Clare,2025,1,2025-01,7.5,3.36
Clare,2025,2,2025-02,7.5,3.36
Clare,2025,3,2025-03,10.5,2.24
Clare,2025,4,2025-04,10.5,2.24
Cork,2015,1,2015-01,8.0,3.84
Cork,2015,2,2015-02,8.0,3.84
Cork,2015,3,2015-03,11.0,2.56
Cork,2015,4,2015-04,11.0,2.56
Cork,2015,5,2015-05,11.0,2.56
Cork,2015,6,2015-06,14.0,1.92
Cork,2015,7,2015-07,14.0,1.92
Cork,2015,8,2015-08,14.0,1.92
Cork,2015,9,2015-09,10.0,3.2
Cork,2015,10,2015-10,10.0,3.2
Cork,2015,11,2015-11,10.0,3.2
Cork,2015,12,2015-12,8.0,3.84
Cork,2016,1,2016-01,8.03,3.84
Cork,2016,2,2016-02,8.03,3.84
Cork,2016,3,2016-03,11.03,2.56
Cork,2016,4,2016-04,11.03,2.56
Cork,2016,5,2016-05,11.03,2.56
Cork,2016,6,2016-06,14.03,1.92
Cork,2016,7,2016-07,14.03,1.92
Cork,2016,8,2016-08,14.03,1.92
Cork,2016,9,2016-09,10.03,3.2
Cork,2016,10,2016-10,10.03,3.2
Cork,2016,11,2016-11,10.03,3.2
Cork,2016,12,2016-12,8.03,3.84
Cork,2017,1,2017-01,8.06,3.84
Cork,2017,2,2017-02,8.06,3.84
Cork,2017,3,2017-03,11.06,2.56
Cork,2017,4,2017-04,11.06,2.56
Cork,2017,5,2017-05,11.06,2.56
Cork,2017,6,2017-06,14.06,1.92
Cork,2017,7,2017-07,14.06,1.92
Cork,2017,8,2017-08,14.06,1.92
Cork,2017,9,2017-09,10.06,3.2
Cork,2017,10,2017-10,10.06,3.2
Cork,2017,11,2017-11,10.06,3.2
Cork,2017,12,2017-12,8.06,3.84
Cork,2018,1,2018-01,8.09,3.84
Cork,2018,2,2018-02,8.09,3.84
Cork,2018,3,2018-03,11.09,2.56
Cork,2018,4,2018-04,11.09,2.56
Cork,2018,5,2018-05,11.09,2.56
Cork,2018,6,2018-06,14.09,1.92
Cork,2018,7,2018-07,14.09,1.92
Cork,2018,8,2018-08,14.09,1.92
Cork,2018,9,2018-09,10.09,3.2
Cork,2018,10,2018-10,10.09,3.2
Cork,2018,11,2018-11,10.09,3.2
Cork,2018,12,2018-12,8.09,3.84
Cork,2019,1,2019-01,8.12,3.84
Cork,2019,2,2019-02,8.12,3.84
Cork,2019,3,2019-03,11.12,2.56
Cork,2019,4,2019-04,11.12,2.56
Cork,2019,5,2019-05,11.12,2.56
Cork,2019,6,2019-06,14.12,1.92
Cork,2019,7,2019-07,14.12,1.92
Cork,2019,8,2019-08,14.12,1.92
Cork,2019,9,2019-09,10.12,3.2
Cork,2019,10,2019-10,10.12,3.2
Cork,2019,11,2019-11,10.12,3.2
Cork,2019,12,2019-12,8.12,3.84
Cork,2020,1,2020-01,8.15,3.84
Cork,2020,2,2020-02,8.15,3.84
Cork,2020,3,2020-03,11.15,2.56
Cork,2020,4,2020-04,11.15,2.56
Cork,2020,5,2020-05,11.15,2.56
Cork,2020,6,2020-06,14.15,1.92
Cork,2020,7,2020-07,14.15,1.92
Cork,2020,8,2020-08,14.15,1.92
Cork,2020,9,2020-09,10.15,3.2
Cork,2020,10,2020-10,10.15,3.2
Cork,2020,11,2020-11,10.15,3.2
Cork,2020,12,2020-12,8.15,3.84
Cork,2021,1,2021-01,8.18,3.84
Cork,2021,2,2021-02,8.18,3.84
Cork,2021,3,2021-03,11.18,2.56
Cork,2021,4,2021-04,11.18,2.56
Cork,2021,5,2021-05,11.18,2.56
Cork,2021,6,2021-06,14.18,1.92
Cork,2021,7,2021-07,14.18,1.92
Cork,2021,8,2021-08,14.18,1.92
Cork,2021,9,2021-09,10.18,3.2
Cork,2021,10,2021-10,10.18,3.2
Cork,2021,11,2021-11,10.18,3.2
Cork,2021,12,2021-12,8.18,3.84
Cork,2022,1,2022-01,8.21,3.84
Cork,2022,2,2022-02,8.21,3.84
Cork,2022,3,2022-03,11.21,2.56
Cork,2022,4,2022-04,11.21,2.56
Cork,2022,5,2022-05,11.21,2.56
Cork,2022,6,2022-06,14.21,1.92
Cork,2022,7,2022-07,14.21,1.92
Cork,2022,8,2022-08,14.21,1.92
Cork,2022,9,2022-09,10.21,3.2
Cork,2022,10,2022-10,10.21,3.2
Cork,2022,11,2022-11,10.21,3.2
Cork,2022,12,2022-12,8.21,3.84
Cork,2023,1,2023-01,8.24,3.84
Cork,2023,2,2023-02,8.24,3.84
Cork,2023,3,2023-03,11.24,2.56
Cork,2023,4,2023-04,11.24,2.56
Cork,2023,5,2023-05,11.24,2.56
Cork,2023,6,2023-06,14.24,1.92
Cork,2023,7,2023-07,14.24,1.92
Cork,2023,8,2023-08,14.24,1.92
Cork,2023,9,2023-09,10.24,3.2
Cork,2023,10,2023-10,10.24,3.2
Cork,2023,11,2023-11,10.24,3.2
Cork,2023,12,2023-12,8.24,3.84
Cork,2024,1,2024-01,8.27,3.84
Cork,2024,2,2024-02,8.27,3.84
Cork,2024,3,2024-03,11.27,2.56
Cork,2024,4,2024-04,11.27,2.56
Cork,2024,5,2024-05,11.27,2.56
Cork,2024,6,2024-06,14.27,1.92
Cork,2024,7,2024-07,14.27,1.92
Cork,2024,8,2024-08,14.27,1.92
Cork,2024,9,2024-09,10.27,3.2
Cork,2024,10,2024-10,10.27,3.2
Cork,2024,11,2024-11,10.27,3.2
Cork,2024,12,2024-12,8.27,3.84
Cork,2025,1,2025-01,8.3,3.84
Cork,2025,2,2025-02,8.3,3.84
Cork,2025,3,2025-03,11.3,2.56
Cork,2025,4,2025-04,11.3,2.56
Cavan,2015,1,2015-01,6.7,3.12
Cavan,2015,2,2015-02,6.7,3.12
Cavan,2015,3,2015-03,9.7,2.08
Cavan,2015,4,2015-04,9.7,2.08
Cavan,2015,5,2015-05,9.7,2.08
Cavan,2015,6,2015-06,12.7,1.56
Cavan,2015,7,2015-07,12.7,1.56
Cavan,2015,8,2015-08,12.7,1.56
Cavan,2015,9,2015-09,8.7,2.6
Cavan,2015,10,2015-10,8.7,2.6
Cavan,2015,11,2015-11,8.7,2.6
Cavan,2015,12,2015-12,6.7,3.12
Cavan,2016,1,2016-01,6.73,3.12
Cavan,2016,2,2016-02,6.73,3.12
Cavan,2016,3,2016-03,9.73,2.08
Cavan,2016,4,2016-04,9.73,2.08
Cavan,2016,5,2016-05,9.73,2.08
Cavan,2016,6,2016-06,12.73,1.56
Cavan,2016,7,2016-07,12.73,1.56
Cavan,2016,8,2016-08,12.73,1.56
Cavan,2016,9,2016-09,8.73,2.6
Cavan,2016,10,2016-10,8.73,2.6
Cavan,2016,11,2016-11,8.73,2.6
Cavan,2016,12,2016-12,6.73,3.12
Cavan,2017,1,2017-01,6.76,3.12
Cavan,2017,2,2017-02,6.76,3.12
Cavan,2017,3,2017-03,9.76,2.08
Cavan,2017,4,2017-04,9.76,2.08
Cavan,2017,5,2017-05,9.76,2.08
Cavan,2017,6,2017-06,12.76,1.56
Cavan,2017,7,2017-07,12.76,1.56
Cavan,2017,8,2017-08,12.76,1.56
Cavan,2017,9,2017-09,8.76,2.6
Cavan,2017,10,2017-10,8.76,2.6
Cavan,2017,11,2017-11,8.76,2.6
Cavan,2017,12,2017-12,6.76,3.12
Cavan,2018,1,2018-01,6.79,3.12
Cavan,2018,2,2018-02,6.79,3.12
Cavan,2018,3,2018-03,9.79,2.08
Cavan,2018,4,2018-04,9.79,2.08
Cavan,2018,5,2018-05,9.79,2.08
Cavan,2018,6,2018-06,12.79,1.56
Cavan,2018,7,2018-07,12.79,1.56
Cavan,2018,8,2018-08,12.79,1.56
Cavan,2018,9,2018-09,8.79,2.6
Cavan,2018,10,2018-10,8.79,2.6
Cavan,2018,11,2018-11,8.79,2.6
Cavan,2018,12,2018-12,6.79,3.12
Cavan,2019,1,2019-01,6.82,3.12
Cavan,2019,2,2019-02,6.82,3.12
Cavan,2019,3,2019-03,9.82,2.08
Cavan,2019,4,2019-04,9.82,2.08
Cavan,2019,5,2019-05,9.82,2.08
Cavan,2019,6,2019-06,12.82,1.56
Cavan,2019,7,2019-07,12.82,1.56
Cavan,2019,8,2019-08,12.82,1.56
Cavan,2019,9,2019-09,8.82,2.6
Cavan,2019,10,2019-10,8.82,2.6
Cavan,2019,11,2019-11,8.82,2.6
Cavan,2019,12,2019-12,6.82,3.12
Cavan,2020,1,2020-01,6.85,3.12
Cavan,2020,2,2020-02,6.85,3.12
Cavan,2020,3,2020-03,9.85,2.08
Cavan,2020,4,2020-04,9.85,2.08
Cavan,2020,5,2020-05,9.85,2.08
Cavan,2020,6,2020-06,12.85,1.56
Cavan,2020,7,2020-07,12.85,1.56
Cavan,2020,8,2020-08,12.85,1.56
Cavan,2020,9,2020-09,8.85,2.6
Cavan,2020,10,2020-10,8.85,2.6
Cavan,2020,11,2020-11,8.85,2.6
Cavan,2020,12,2020-12,6.85,3.12
Cavan,2021,1,2021-01,6.88,3.12
Cavan,2021,2,2021-02,6.88,3.12
Cavan,2021,3,2021-03,9.88,2.08
Cavan,2021,4,2021-04,9.88,2.08
Cavan,2021,5,2021-05,9.88,2.08
Cavan,2021,6,2021-06,12.88,1.56
Cavan,2021,7,2021-07,12.88,1.56
Cavan,2021,8,2021-08,12.88,1.56
Cavan,2021,9,2021-09,8.88,2.6
Cavan,2021,10,2021-10,8.88,2.6
Cavan,2021,11,2021-11,8.88,2.6
Cavan,2021,12,2021-12,6.88,3.12
Cavan,2022,1,2022-01,6.91,3.12
Cavan,2022,2,2022-02,6.91,3.12
Cavan,2022,3,2022-03,9.91,2.08
Cavan,2022,4,2022-04,9.91,2.08
Cavan,2022,5,2022-05,9.91,2.08
Cavan,2022,6,2022-06,12.91,1.56
Cavan,2022,7,2022-07,12.91,1.56
Cavan,2022,8,2022-08,12.91,1.56
Cavan,2022,9,2022-09,8.91,2.6
Cavan,2022,10,2022-10,8.91,2.6
Cavan,2022,11,2022-11,8.91,2.6
Cavan,2022,12,2022-12,6.91,3.12
Cavan,2023,1,2023-01,6.94,3.12
Cavan,2023,2,2023-02,6.94,3.12
Cavan,2023,3,2023-03,9.94,2.08
Cavan,2023,4,2023-04,9.94,2.08
Cavan,2023,5,2023-05,9.94,2.08
Cavan,2023,6,2023-06,12.94,1.56
Cavan,2023,7,2023-07,12.94,1.56
Cavan,2023,8,2023-08,12.94,1.56
Cavan,2023,9,2023-09,8.94,2.6
Cavan,2023,10,2023-10,8.94,2.6
Cavan,2023,11,2023-11,8.94,2.6
Cavan,2023,12,2023-12,6.94,3.12
Cavan,2024,1,2024-01,6.97,3.12
Cavan,2024,2,2024-02,6.97,3.12
Cavan,2024,3,2024-03,9.97,2.08
Cavan,2024,4,2024-04,9.97,2.08
Cavan,2024,5,2024-05,9.97,2.08
Cavan,2024,6,2024-06,12.97,1.56
Cavan,2024,7,2024-07,12.97,1.56
Cavan,2024,8,2024-08,12.97,1.56
Cavan,2024,9,2024-09,8.97,2.6
Cavan,2024,10,2024-10,8.97,2.6
Cavan,2024,11,2024-11,8.97,2.6
Cavan,2024,12,2024-12,6.97,3.12
Cavan,2025,1,2025-01,7.0,3.12
Cavan,2025,2,2025-02,7.0,3.12
Cavan,2025,3,2025-03,10.0,2.08
Cavan,2025,4,2025-04,10.0,2.08
Westmeath,2015,1,2015-01,7.0,2.88
Westmeath,2015,2,2015-02,7.0,2.88
Westmeath,2015,3,2015-03,10.0,1.92
Westmeath,2015,4,2015-04,10.0,1.92
Westmeath,2015,5,2015-05,10.0,1.92
Westmeath,2015,6,2015-06,13.0,1.44
Westmeath,2015,7,2015-07,13.0,1.44
Westmeath,2015,8,2015-08,13.0,1.44
Westmeath,2015,9,2015-09,9.0,2.4
Westmeath,2015,10,2015-10,9.0,2.4
Westmeath,2015,11,2015-11,9.0,2.4
Westmeath,2015,12,2015-12,7.0,2.88
Westmeath,2016,1,2016-01,7.03,2.88
Westmeath,2016,2,2016-02,7.03,2.88
Westmeath,2016,3,2016-03,10.03,1.92
Westmeath,2016,4,2016-04,10.03,1.92
Westmeath,2016,5,2016-05,10.03,1.92
Westmeath,2016,6,2016-06,13.03,1.44
Westmeath,2016,7,2016-07,13.03,1.44
Westmeath,2016,8,2016-08,13.03,1.44
Westmeath,2016,9,2016-09,9.03,2.4
Westmeath,2016,10,2016-10,9.03,2.4
Westmeath,2016,11,2016-11,9.03,2.4
Westmeath,2016,12,2016-12,7.03,2.88
Westmeath,2017,1,2017-01,7.06,2.88
Westmeath,2017,2,2017-02,7.06,2.88
Westmeath,2017,3,2017-03,10.06,1.92
Westmeath,2017,4,2017-04,10.06,1.92
Westmeath,2017,5,2017-05,10.06,1.92
Westmeath,2017,6,2017-06,13.06,1.44
Westmeath,2017,7,2017-07,13.06,1.44
Westmeath,2017,8,2017-08,13.06,1.44
Westmeath,2017,9,2017-09,9.06,2.4
Westmeath,2017,10,2017-10,9.06,2.4
Westmeath,2017,11,2017-11,9.06,2.4
Westmeath,2017,12,2017-12,7.06,2.88
Westmeath,2018,1,2018-01,7.09,2.88
Westmeath,2018,2,2018-02,7.09,2.88
Westmeath,2018,3,2018-03,10.09,1.92
Westmeath,2018,4,2018-04,10.09,1.92
Westmeath,2018,5,2018-05,10.09,1.92
Westmeath,2018,6,2018-06,13.09,1.44
Westmeath,2018,7,2018-07,13.09,1.44
Westmeath,2018,8,2018-08,13.09,1.44
Westmeath,2018,9,2018-09,9.09,2.4
Westmeath,2018,10,2018-10,9.09,2.4
Westmeath,2018,11,2018-11,9.09,2.4
Westmeath,2018,12,2018-12,7.09,2.88
Westmeath,2019,1,2019-01,7.12,2.88
Westmeath,2019,2,2019-02,7.12,2.88
Westmeath,2019,3,2019-03,10.12,1.92
Westmeath,2019,4,2019-04,10.12,1.92
Westmeath,2019,5,2019-05,10.12,1.92
Westmeath,2019,6,2019-06,13.12,1.44
Westmeath,2019,7,2019-07,13.12,1.44
Westmeath,2019,8,2019-08,13.12,1.44
Westmeath,2019,9,2019-09,9.12,2.4
Westmeath,2019,10,2019-10,9.12,2.4
Westmeath,2019,11,2019-11,9.12,2.4
Westmeath,2019,12,2019-12,7.12,2.88
Westmeath,2020,1,2020-01,7.15,2.88
Westmeath,2020,2,2020-02,7.15,2.88
Westmeath,2020,3,2020-03,10.15,1.92
Westmeath,2020,4,2020-04,10.15,1.92
Westmeath,2020,5,2020-05,10.15,1.92
Westmeath,2020,6,2020-06,13.15,1.44
Westmeath,2020,7,2020-07,13.15,1.44
Westmeath,2020,8,2020-08,13.15,1.44
Westmeath,2020,9,2020-09,9.15,2.4
Westmeath,2020,10,2020-10,9.15,2.4
Westmeath,2020,11,2020-11,9.15,2.4
Westmeath,2020,12,2020-12,7.15,2.88
Westmeath,2021,1,2021-01,7.18,2.88
Westmeath,2021,2,2021-02,7.18,2.88
Westmeath,2021,3,2021-03,10.18,1.92
Westmeath,2021,4,2021-04,10.18,1.92
Westmeath,2021,5,2021-05,10.18,1.92
Westmeath,2021,6,2021-06,13.18,1.44
Westmeath,2021,7,2021-07,13.18,1.44
Westmeath,2021,8,2021-08,13.18,1.44
Westmeath,2021,9,2021-09,9.18,2.4
Westmeath,2021,10,2021-10,9.18,2.4
Westmeath,2021,11,2021-11,9.18,2.4
Westmeath,2021,12,2021-12,7.18,2.88
Westmeath,2022,1,2022-01,7.21,2.88
Westmeath,2022,2,2022-02,7.21,2.88
Westmeath,2022,3,2022-03,10.21,1.92
Westmeath,2022,4,2022-04,10.21,1.92
Westmeath,2022,5,2022-05,10.21,1.92
Westmeath,2022,6,2022-06,13.21,1.44
Westmeath,2022,7,2022-07,13.21,1.44
Westmeath,2022,8,2022-08,13.21,1.44
Westmeath,2022,9,2022-09,9.21,2.4
Westmeath,2022,10,2022-10,9.21,2.4
Westmeath,2022,11,2022-11,9.21,2.4
Westmeath,2022,12,2022-12,7.21,2.88
Westmeath,2023,1,2023-01,7.24,2.88
Westmeath,2023,2,2023-02,7.24,2.88
Westmeath,2023,3,2023-03,10.24,1.92
Westmeath,2023,4,2023-04,10.24,1.92
Westmeath,2023,5,2023-05,10.24,1.92
Westmeath,2023,6,2023-06,13.24,1.44
Westmeath,2023,7,2023-07,13.24,1.44
Westmeath,2023,8,2023-08,13.24,1.44
Westmeath,2023,9,2023-09,9.24,2.4
Westmeath,2023,10,2023-10,9.24,2.4
Westmeath,2023,11,2023-11,9.24,2.4
Westmeath,2023,12,2023-12,7.24,2.88
Westmeath,2024,1,2024-01,7.27,2.88
Westmeath,2024,2,2024-02,7.27,2.88
Westmeath,2024,3,2024-03,10.27,1.92
Westmeath,2024,4,2024-04,10.27,1.92
Westmeath,2024,5,2024-05,10.27,1.92
Westmeath,2024,6,2024-06,13.27,1.44
Westmeath,2024,7,2024-07,13.27,1.44
Westmeath,2024,8,2024-08,13.27,1.44
Westmeath,2024,9,2024-09,9.27,2.4
Westmeath,2024,10,2024-10,9.27,2.4
Westmeath,2024,11,2024-11,9.27,2.4
Westmeath,2024,12,2024-12,7.27,2.88
Westmeath,2025,1,2025-01,7.3,2.88
Westmeath,2025,2,2025-02,7.3,2.88
Westmeath,2025,3,2025-03,10.3,1.92
Westmeath,2025,4,2025-04,10.3,1.92
Mayo,2015,1,2015-01,6.5,4.2
Mayo,2015,2,2015-02,6.5,4.2
Mayo,2015,3,2015-03,9.5,2.8
Mayo,2015,4,2015-04,9.5,2.8
Mayo,2015,5,2015-05,9.5,2.8
Mayo,2015,6,2015-06,12.5,2.1
Mayo,2015,7,2015-07,12.5,2.1
Mayo,2015,8,2015-08,12.5,2.1
Mayo,2015,9,2015-09,8.5,3.5
Mayo,2015,10,2015-10,8.5,3.5
Mayo,2015,11,2015-11,8.5,3.5
Mayo,2015,12,2015-12,6.5,4.2
Mayo,2016,1,2016-01,6.53,4.2
Mayo,2016,2,2016-02,6.53,4.2
Mayo,2016,3,2016-03,9.53,2.8
Mayo,2016,4,2016-04,9.53,2.8
Mayo,2016,5,2016-05,9.53,2.8
Mayo,2016,6,2016-06,12.53,2.1
Mayo,2016,7,2016-07,12.53,2.1
Mayo,2016,8,2016-08,12.53,2.1
Mayo,2016,9,2016-09,8.53,3.5
Mayo,2016,10,2016-10,8.53,3.5
Mayo,2016,11,2016-11,8.53,3.5
Mayo,2016,12,2016-12,6.53,4.2
Mayo,2017,1,2017-01,6.56,4.2
Mayo,2017,2,2017-02,6.56,4.2
Mayo,2017,3,2017-03,9.56,2.8
Mayo,2017,4,2017-04,9.56,2.8
Mayo,2017,5,2017-05,9.56,2.8
Mayo,2017,6,2017-06,12.56,2.1
Mayo,2017,7,2017-07,12.56,2.1
Mayo,2017,8,2017-08,12.56,2.1
Mayo,2017,9,2017-09,8.56,3.5
Mayo,2017,10,2017-10,8.56,3.5
Mayo,2017,11,2017-11,8.56,3.5
Mayo,2017,12,2017-12,6.56,4.2
Mayo,2018,1,2018-01,6.59,4.2
Mayo,2018,2,2018-02,6.59,4.2
Mayo,2018,3,2018-03,9.59,2.8
Mayo,2018,4,2018-04,9.59,2.8
Mayo,2018,5,2018-05,9.59,2.8
Mayo,2018,6,2018-06,12.59,2.1
Mayo,2018,7,2018-07,12.59,2.1
Mayo,2018,8,2018-08,12.59,2.1
Mayo,2018,9,2018-09,8.59,3.5
Mayo,2018,10,2018-10,8.59,3.5
Mayo,2018,11,2018-11,8.59,3.5
Mayo,2018,12,2018-12,6.59,4.2
Mayo,2019,1,2019-01,6.62,4.2
Mayo,2019,2,2019-02,6.62,4.2
Mayo,2019,3,2019-03,9.62,2.8
Mayo,2019,4,2019-04,9.62,2.8
Mayo,2019,5,2019-05,9.62,2.8
Mayo,2019,6,2019-06,12.62,2.1
Mayo,2019,7,2019-07,12.62,2.1
Mayo,2019,8,2019-08,12.62,2.1
Mayo,2019,9,2019-09,8.62,3.5
Mayo,2019,10,2019-10,8.62,3.5
Mayo,2019,11,2019-11,8.62,3.5
Mayo,2019,12,2019-12,6.62,4.2
Mayo,2020,1,2020-01,6.65,4.2
Mayo,2020,2,2020-02,6.65,4.2
Mayo,2020,3,2020-03,9.65,2.8
Mayo,2020,4,2020-04,9.65,2.8
Mayo,2020,5,2020-05,9.65,2.8
Mayo,2020,6,2020-06,12.65,2.1
Mayo,2020,7,2020-07,12.65,2.1
Mayo,2020,8,2020-08,12.65,2.1
Mayo,2020,9,2020-09,8.65,3.5
Mayo,2020,10,2020-10,8.65,3.5
Mayo,2020,11,2020-11,8.65,3.5
Mayo,2020,12,2020-12,6.65,4.2
Mayo,2021,1,2021-01,6.68,4.2
Mayo,2021,2,2021-02,6.68,4.2
Mayo,2021,3,2021-03,9.68,2.8
Mayo,2021,4,2021-04,9.68,2.8
Mayo,2021,5,2021-05,9.68,2.8
Mayo,2021,6,2021-06,12.68,2.1
Mayo,2021,7,2021-07,12.68,2.1
Mayo,2021,8,2021-08,12.68,2.1
Mayo,2021,9,2021-09,8.68,3.5
Mayo,2021,10,2021-10,8.68,3.5
Mayo,2021,11,2021-11,8.68,3.5
Mayo,2021,12,2021-12,6.68,4.2
Mayo,2022,1,2022-01,6.71,4.2
Mayo,2022,2,2022-02,6.71,4.2
Mayo,2022,3,2022-03,9.71,2.8
Mayo,2022,4,2022-04,9.71,2.8
Mayo,2022,5,2022-05,9.71,2.8
Mayo,2022,6,2022-06,12.71,2.1
Mayo,2022,7,2022-07,12.71,2.1
Mayo,2022,8,2022-08,12.71,2.1
Mayo,2022,9,2022-09,8.71,3.5
Mayo,2022,10,2022-10,8.71,3.5
Mayo,2022,11,2022-11,8.71,3.5
Mayo,2022,12,2022-12,6.71,4.2
Mayo,2023,1,2023-01,6.74,4.2
Mayo,2023,2,2023-02,6.74,4.2
Mayo,2023,3,2023-03,9.74,2.8
Mayo,2023,4,2023-04,9.74,2.8
Mayo,2023,5,2023-05,9.74,2.8
Mayo,2023,6,2023-06,12.74,2.1
Mayo,2023,7,2023-07,12.74,2.1
Mayo,2023,8,2023-08,12.74,2.1
Mayo,2023,9,2023-09,8.74,3.5
Mayo,2023,10,2023-10,8.74,3.5
Mayo,2023,11,2023-11,8.74,3.5
Mayo,2023,12,2023-12,6.74,4.2
Mayo,2024,1,2024-01,6.77,4.2
Mayo,2024,2,2024-02,6.77,4.2
Mayo,2024,3,2024-03,9.77,2.8
Mayo,2024,4,2024-04,9.77,2.8
Mayo,2024,5,2024-05,9.77,2.8
Mayo,2024,6,2024-06,12.77,2.1
Mayo,2024,7,2024-07,12.77,2.1
Mayo,2024,8,2024-08,12.77,2.1
Mayo,2024,9,2024-09,8.77,3.5
Mayo,2024,10,2024-10,8.77,3.5
Mayo,2024,11,2024-11,8.77,3.5
Mayo,2024,12,2024-12,6.77,4.2
Mayo,2025,1,2025-01,6.8,4.2
Mayo,2025,2,2025-02,6.8,4.2
Mayo,2025,3,2025-03,9.8,2.8
Mayo,2025,4,2025-04,9.8,2.8
Sligo,2015,1,2015-01,6.3,3.96
Sligo,2015,2,2015-02,6.3,3.96
Sligo,2015,3,2015-03,9.3,2.64
Sligo,2015,4,2015-04,9.3,2.64
Sligo,2015,5,2015-05,9.3,2.64
Sligo,2015,6,2015-06,12.3,1.98
Sligo,2015,7,2015-07,12.3,1.98
Sligo,2015,8,2015-08,12.3,1.98
Sligo,2015,9,2015-09,8.3,3.3
Sligo,2015,10,2015-10,8.3,3.3
Sligo,2015,11,2015-11,8.3,3.3
Sligo,2015,12,2015-12,6.3,3.96
Sligo,2016,1,2016-01,6.33,3.96
Sligo,2016,2,2016-02,6.33,3.96
Sligo,2016,3,2016-03,9.33,2.64
Sligo,2016,4,2016-04,9.33,2.64
Sligo,2016,5,2016-05,9.33,2.64
Sligo,2016,6,2016-06,12.33,1.98
Sligo,2016,7,2016-07,12.33,1.98
Sligo,2016,8,2016-08,12.33,1.98
Sligo,2016,9,2016-09,8.33,3.3
Sligo,2016,10,2016-10,8.33,3.3
Sligo,2016,11,2016-11,8.33,3.3
Sligo,2016,12,2016-12,6.33,3.96
Sligo,2017,1,2017-01,6.36,3.96
Sligo,2017,2,2017-02,6.36,3.96
Sligo,2017,3,2017-03,9.36,2.64
Sligo,2017,4,2017-04,9.36,2.64
Sligo,2017,5,2017-05,9.36,2.64
Sligo,2017,6,2017-06,12.36,1.98
Sligo,2017,7,2017-07,12.36,1.98
Sligo,2017,8,2017-08,12.36,1.98
Sligo,2017,9,2017-09,8.36,3.3
Sligo,2017,10,2017-10,8.36,3.3
Sligo,2017,11,2017-11,8.36,3.3
Sligo,2017,12,2017-12,6.36,3.96
Sligo,2018,1,2018-01,6.39,3.96
Sligo,2018,2,2018-02,6.39,3.96
Sligo,2018,3,2018-03,9.39,2.64
Sligo,2018,4,2018-04,9.39,2.64
Sligo,2018,5,2018-05,9.39,2.64
Sligo,2018,6,2018-06,12.39,1.98
Sligo,2018,7,2018-07,12.39,1.98
Sligo,2018,8,2018-08,12.39,1.98
Sligo,2018,9,2018-09,8.39,3.3
Sligo,2018,10,2018-10,8.39,3.3
Sligo,2018,11,2018-11,8.39,3.3
Sligo,2018,12,2018-12,6.39,3.96
Sligo,2019,1,2019-01,6.42,3.96
Sligo,2019,2,2019-02,6.42,3.96
Sligo,2019,3,2019-03,9.42,2.64
Sligo,2019,4,2019-04,9.42,2.64
Sligo,2019,5,2019-05,9.42,2.64
Sligo,2019,6,2019-06,12.42,1.98
Sligo,2019,7,2019-07,12.42,1.98
Sligo,2019,8,2019-08,12.42,1.98
Sligo,2019,9,2019-09,8.42,3.3
Sligo,2019,10,2019-10,8.42,3.3
Sligo,2019,11,2019-11,8.42,3.3
Sligo,2019,12,2019-12,6.42,3.96
Sligo,2020,1,2020-01,6.45,3.96
Sligo,2020,2,2020-02,6.45,3.96
Sligo,2020,3,2020-03,9.45,2.64
Sligo,2020,4,2020-04,9.45,2.64
Sligo,2020,5,2020-05,9.45,2.64
Sligo,2020,6,2020-06,12.45,1.98
Sligo,2020,7,2020-07,12.45,1.98
Sligo,2020,8,2020-08,12.45,1.98
Sligo,2020,9,2020-09,8.45,3.3
Sligo,2020,10,2020-10,8.45,3.3
Sligo,2020,11,2020-11,8.45,3.3
Sligo,2020,12,2020-12,6.45,3.96
Sligo,2021,1,2021-01,6.48,3.96
Sligo,2021,2,2021-02,6.48,3.96
Sligo,2021,3,2021-03,9.48,2.64
Sligo,2021,4,2021-04,9.48,2.64
Sligo,2021,5,2021-05,9.48,2.64
Sligo,2021,6,2021-06,12.48,1.98
Sligo,2021,7,2021-07,12.48,1.98
Sligo,2021,8,2021-08,12.48,1.98
Sligo,2021,9,2021-09,8.48,3.3
Sligo,2021,10,2021-10,8.48,3.3
Sligo,2021,11,2021-11,8.48,3.3
Sligo,2021,12,2021-12,6.48,3.96
Sligo,2022,1,2022-01,6.51,3.96
Sligo,2022,2,2022-02,6.51,3.96
Sligo,2022,3,2022-03,9.51,2.64
Sligo,2022,4,2022-04,9.51,2.64
Sligo,2022,5,2022-05,9.51,2.64
Sligo,2022,6,2022-06,12.51,1.98
Sligo,2022,7,2022-07,12.51,1.98
Sligo,2022,8,2022-08,12.51,1.98
Sligo,2022,9,2022-09,8.51,3.3
Sligo,2022,10,2022-10,8.51,3.3
Sligo,2022,11,2022-11,8.51,3.3
Sligo,2022,12,2022-12,6.51,3.96
Sligo,2023,1,2023-01,6.54,3.96
Sligo,2023,2,2023-02,6.54,3.96
Sligo,2023,3,2023-03,9.54,2.64
Sligo,2023,4,2023-04,9.54,2.64
Sligo,2023,5,2023-05,9.54,2.64
Sligo,2023,6,2023-06,12.54,1.98
Sligo,2023,7,2023-07,12.54,1.98
Sligo,2023,8,2023-08,12.54,1.98
Sligo,2023,9,2023-09,8.54,3.3
Sligo,2023,10,2023-10,8.54,3.3
Sligo,2023,11,2023-11,8.54,3.3
Sligo,2023,12,2023-12,6.54,3.96
Sligo,2024,1,2024-01,6.57,3.96
Sligo,2024,2,2024-02,6.57,3.96
Sligo,2024,3,2024-03,9.57,2.64
Sligo,2024,4,2024-04,9.57,2.64
Sligo,2024,5,2024-05,9.57,2.64
Sligo,2024,6,2024-06,12.57,1.98
Sligo,2024,7,2024-07,12.57,1.98
Sligo,2024,8,2024-08,12.57,1.98
Sligo,2024,9,2024-09,8.57,3.3
Sligo,2024,10,2024-10,8.57,3.3
Sligo,2024,11,2024-11,8.57,3.3
Sligo,2024,12,2024-12,6.57,3.96
Sligo,2025,1,2025-01,6.6,3.96
Sligo,2025,2,2025-02,6.6,3.96
Sligo,2025,3,2025-03,9.6,2.64
Sligo,2025,4,2025-04,9.6,2.64
Meath,2015,1,2015-01,7.3,2.76
Meath,2015,2,2015-02,7.3,2.76
Meath,2015,3,2015-03,10.3,1.84
Meath,2015,4,2015-04,10.3,1.84
Meath,2015,5,2015-05,10.3,1.84
Meath,2015,6,2015-06,13.3,1.38
Meath,2015,7,2015-07,13.3,1.38
Meath,2015,8,2015-08,13.3,1.38
Meath,2015,9,2015-09,9.3,2.3
Meath,2015,10,2015-10,9.3,2.3
Meath,2015,11,2015-11,9.3,2.3
Meath,2015,12,2015-12,7.3,2.76
Meath,2016,1,2016-01,7.33,2.76
Meath,2016,2,2016-02,7.33,2.76
Meath,2016,3,2016-03,10.33,1.84
Meath,2016,4,2016-04,10.33,1.84
Meath,2016,5,2016-05,10.33,1.84
Meath,2016,6,2016-06,13.33,1.38
Meath,2016,7,2016-07,13.33,1.38
Meath,2016,8,2016-08,13.33,1.38
Meath,2016,9,2016-09,9.33,2.3
Meath,2016,10,2016-10,9.33,2.3
Meath,2016,11,2016-11,9.33,2.3
Meath,2016,12,2016-12,7.33,2.76
Meath,2017,1,2017-01,7.36,2.76
Meath,2017,2,2017-02,7.36,2.76
Meath,2017,3,2017-03,10.36,1.84
Meath,2017,4,2017-04,10.36,1.84
Meath,2017,5,2017-05,10.36,1.84
Meath,2017,6,2017-06,13.36,1.38
Meath,2017,7,2017-07,13.36,1.38
Meath,2017,8,2017-08,13.36,1.38
Meath,2017,9,2017-09,9.36,2.3
Meath,2017,10,2017-10,9.36,2.3
Meath,2017,11,2017-11,9.36,2.3
Meath,2017,12,2017-12,7.36,2.76
Meath,2018,1,2018-01,7.39,2.76
Meath,2018,2,2018-02,7.39,2.76
Meath,2018,3,2018-03,10.39,1.84
Meath,2018,4,2018-04,10.39,1.84
Meath,2018,5,2018-05,10.39,1.84
Meath,2018,6,2018-06,13.39,1.38
Meath,2018,7,2018-07,13.39,1.38
Meath,2018,8,2018-08,13.39,1.38
Meath,2018,9,2018-09,9.39,2.3
Meath,2018,10,2018-10,9.39,2.3
Meath,2018,11,2018-11,9.39,2.3
Meath,2018,12,2018-12,7.39,2.76
Meath,2019,1,2019-01,7.42,2.76
Meath,2019,2,2019-02,7.42,2.76
Meath,2019,3,2019-03,10.42,1.84
Meath,2019,4,2019-04,10.42,1.84
Meath,2019,5,2019-05,10.42,1.84
Meath,2019,6,2019-06,13.42,1.38
Meath,2019,7,2019-07,13.42,1.38
Meath,2019,8,2019-08,13.42,1.38
Meath,2019,9,2019-09,9.42,2.3
Meath,2019,10,2019-10,9.42,2.3
Meath,2019,11,2019-11,9.42,2.3
Meath,2019,12,2019-12,7.42,2.76
Meath,2020,1,2020-01,7.45,2.76
Meath,2020,2,2020-02,7.45,2.76
Meath,2020,3,2020-03,10.45,1.84
Meath,2020,4,2020-04,10.45,1.84
Meath,2020,5,2020-05,10.45,1.84
Meath,2020,6,2020-06,13.45,1.38
Meath,2020,7,2020-07,13.45,1.38
Meath,2020,8,2020-08,13.45,1.38
Meath,2020,9,2020-09,9.45,2.3
Meath,2020,10,2020-10,9.45,2.3
Meath,2020,11,2020-11,9.45,2.3
Meath,2020,12,2020-12,7.45,2.76
Meath,2021,1,2021-01,7.48,2.76
Meath,2021,2,2021-02,7.48,2.76
Meath,2021,3,2021-03,10.48,1.84
Meath,2021,4,2021-04,10.48,1.84
Meath,2021,5,2021-05,10.48,1.84
Meath,2021,6,2021-06,13.48,1.38
Meath,2021,7,2021-07,13.48,1.38
Meath,2021,8,2021-08,13.48,1.38
Meath,2021,9,2021-09,9.48,2.3
Meath,2021,10,2021-10,9.48,2.3
Meath,2021,11,2021-11,9.48,2.3
Meath,2021,12,2021-12,7.48,2.76
Meath,2022,1,2022-01,7.51,2.76
Meath,2022,2,2022-02,7.51,2.76
Meath,2022,3,2022-03,10.51,1.84
Meath,2022,4,2022-04,10.51,1.84
Meath,2022,5,2022-05,10.51,1.84
Meath,2022,6,2022-06,13.51,1.38
Meath,2022,7,2022-07,13.51,1.38
Meath,2022,8,2022-08,13.51,1.38
Meath,2022,9,2022-09,9.51,2.3
Meath,2022,10,2022-10,9.51,2.3
Meath,2022,11,2022-11,9.51,2.3
Meath,2022,12,2022-12,7.51,2.76
Meath,2023,1,2023-01,7.54,2.76
Meath,2023,2,2023-02,7.54,2.76
Meath,2023,3,2023-03,10.54,1.84
Meath,2023,4,2023-04,10.54,1.84
Meath,2023,5,2023-05,10.54,1.84
Meath,2023,6,2023-06,13.54,1.38
Meath,2023,7,2023-07,13.54,1.38
Meath,2023,8,2023-08,13.54,1.38
Meath,2023,9,2023-09,9.54,2.3
Meath,2023,10,2023-10,9.54,2.3
Meath,2023,11,2023-11,9.54,2.3
Meath,2023,12,2023-12,7.54,2.76
Meath,2024,1,2024-01,7.57,2.76
Meath,2024,2,2024-02,7.57,2.76
Meath,2024,3,2024-03,10.57,1.84
Meath,2024,4,2024-04,10.57,1.84
Meath,2024,5,2024-05,10.57,1.84
Meath,2024,6,2024-06,13.57,1.38
Meath,2024,7,2024-07,13.57,1.38
Meath,2024,8,2024-08,13.57,1.38
Meath,2024,9,2024-09,9.57,2.3
Meath,2024,10,2024-10,9.57,2.3
Meath,2024,11,2024-11,9.57,2.3
Meath,2024,12,2024-12,7.57,2.76
Meath,2025,1,2025-01,7.6,2.76
Meath,2025,2,2025-02,7.6,2.76
Meath,2025,3,2025-03,10.6,1.84
Meath,2025,4,2025-04,10.6,1.84
Tipperary,2015,1,2015-01,7.6,3.0
Tipperary,2015,2,2015-02,7.6,3.0
Tipperary,2015,3,2015-03,10.6,2.0
Tipperary,2015,4,2015-04,10.6,2.0
Tipperary,2015,5,2015-05,10.6,2.0
Tipperary,2015,6,2015-06,13.6,1.5
Tipperary,2015,7,2015-07,13.6,1.5
Tipperary,2015,8,2015-08,13.6,1.5
Tipperary,2015,9,2015-09,9.6,2.5
Tipperary,2015,10,2015-10,9.6,2.5
Tipperary,2015,11,2015-11,9.6,2.5
Tipperary,2015,12,2015-12,7.6,3.0
Tipperary,2016,1,2016-01,7.63,3.0
Tipperary,2016,2,2016-02,7.63,3.0
Tipperary,2016,3,2016-03,10.63,2.0
Tipperary,2016,4,2016-04,10.63,2.0
Tipperary,2016,5,2016-05,10.63,2.0
Tipperary,2016,6,2016-06,13.63,1.5
Tipperary,2016,7,2016-07,13.63,1.5
Tipperary,2016,8,2016-08,13.63,1.5
Tipperary,2016,9,2016-09,9.63,2.5
Tipperary,2016,10,2016-10,9.63,2.5
Tipperary,2016,11,2016-11,9.63,2.5
Tipperary,2016,12,2016-12,7.63,3.0
Tipperary,2017,1,2017-01,7.66,3.0
Tipperary,2017,2,2017-02,7.66,3.0
Tipperary,2017,3,2017-03,10.66,2.0
Tipperary,2017,4,2017-04,10.66,2.0
Tipperary,2017,5,2017-05,10.66,2.0
Tipperary,2017,6,2017-06,13.66,1.5
Tipperary,2017,7,2017-07,13.66,1.5
Tipperary,2017,8,2017-08,13.66,1.5
Tipperary,2017,9,2017-09,9.66,2.5
Tipperary,2017,10,2017-10,9.66,2.5
Tipperary,2017,11,2017-11,9.66,2.5
Tipperary,2017,12,2017-12,7.66,3.0
Tipperary,2018,1,2018-01,7.69,3.0
Tipperary,2018,2,2018-02,7.69,3.0
Tipperary,2018,3,2018-03,10.69,2.0
Tipperary,2018,4,2018-04,10.69,2.0
Tipperary,2018,5,2018-05,10.69,2.0
Tipperary,2018,6,2018-06,13.69,1.5
Tipperary,2018,7,2018-07,13.69,1.5
Tipperary,2018,8,2018-08,13.69,1.5
Tipperary,2018,9,2018-09,9.69,2.5
Tipperary,2018,10,2018-10,9.69,2.5
Tipperary,2018,11,2018-11,9.69,2.5
Tipperary,2018,12,2018-12,7.69,3.0
Tipperary,2019,1,2019-01,7.72,3.0
Tipperary,2019,2,2019-02,7.72,3.0
Tipperary,2019,3,2019-03,10.72,2.0
Tipperary,2019,4,2019-04,10.72,2.0
Tipperary,2019,5,2019-05,10.72,2.0
Tipperary,2019,6,2019-06,13.72,1.5
Tipperary,2019,7,2019-07,13.72,1.5
Tipperary,2019,8,2019-08,13.72,1.5
Tipperary,2019,9,2019-09,9.72,2.5
Tipperary,2019,10,2019-10,9.72,2.5
Tipperary,2019,11,2019-11,9.72,2.5
Tipperary,2019,12,2019-12,7.72,3.0
Tipperary,2020,1,2020-01,7.75,3.0
Tipperary,2020,2,2020-02,7.75,3.0
Tipperary,2020,3,2020-03,10.75,2.0
Tipperary,2020,4,2020-04,10.75,2.0
Tipperary,2020,5,2020-05,10.75,2.0
Tipperary,2020,6,2020-06,13.75,1.5
Tipperary,2020,7,2020-07,13.75,1.5
Tipperary,2020,8,2020-08,13.75,1.5
Tipperary,2020,9,2020-09,9.75,2.5
Tipperary,2020,10,2020-10,9.75,2.5
Tipperary,2020,11,2020-11,9.75,2.5
Tipperary,2020,12,2020-12,7.75,3.0
Tipperary,2021,1,2021-01,7.78,3.0
Tipperary,2021,2,2021-02,7.78,3.0
Tipperary,2021,3,2021-03,10.78,2.0
Tipperary,2021,4,2021-04,10.78,2.0
Tipperary,2021,5,2021-05,10.78,2.0
Tipperary,2021,6,2021-06,13.78,1.5
Tipperary,2021,7,2021-07,13.78,1.5
Tipperary,2021,8,2021-08,13.78,1.5
Tipperary,2021,9,2021-09,9.78,2.5
Tipperary,2021,10,2021-10,9.78,2.5
Tipperary,2021,11,2021-11,9.78,2.5
Tipperary,2021,12,2021-12,7.78,3.0
Tipperary,2022,1,2022-01,7.81,3.0
Tipperary,2022,2,2022-02,7.81,3.0
Tipperary,2022,3,2022-03,10.81,2.0
Tipperary,2022,4,2022-04,10.81,2.0
Tipperary,2022,5,2022-05,10.81,2.0
Tipperary,2022,6,2022-06,13.81,1.5
Tipperary,2022,7,2022-07,13.81,1.5
Tipperary,2022,8,2022-08,13.81,1.5
Tipperary,2022,9,2022-09,9.81,2.5
Tipperary,2022,10,2022-10,9.81,2.5
Tipperary,2022,11,2022-11,9.81,2.5
Tipperary,2022,12,2022-12,7.81,3.0
Tipperary,2023,1,2023-01,7.84,3.0
Tipperary,2023,2,2023-02,7.84,3.0
Tipperary,2023,3,2023-03,10.84,2.0
Tipperary,2023,4,2023-04,10.84,2.0
Tipperary,2023,5,2023-05,10.84,2.0
Tipperary,2023,6,2023-06,13.84,1.5
Tipperary,2023,7,2023-07,13.84,1.5
Tipperary,2023,8,2023-08,13.84,1.5
Tipperary,2023,9,2023-09,9.84,2.5
Tipperary,2023,10,2023-10,9.84,2.5
Tipperary,2023,11,2023-11,9.84,2.5
Tipperary,2023,12,2023-12,7.84,3.0
Tipperary,2024,1,2024-01,7.87,3.0
Tipperary,2024,2,2024-02,7.87,3.0
Tipperary,2024,3,2024-03,10.87,2.0
Tipperary,2024,4,2024-04,10.87,2.0
Tipperary,2024,5,2024-05,10.87,2.0
Tipperary,2024,6,2024-06,13.87,1.5
Tipperary,2024,7,2024-07,13.87,1.5
Tipperary,2024,8,2024-08,13.87,1.5
Tipperary,2024,9,2024-09,9.87,2.5
Tipperary,2024,10,2024-10,9.87,2.5
Tipperary,2024,11,2024-11,9.87,2.5
Tipperary,2024,12,2024-12,7.87,3.0
Tipperary,2025,1,2025-01,7.9,3.0
Tipperary,2025,2,2025-02,7.9,3.0
Tipperary,2025,3,2025-03,10.9,2.0
Tipperary,2025,4,2025-04,10.9,2.0
Donegal,2015,1,2015-01,6.1,3.84
Donegal,2015,2,2015-02,6.1,3.84
Donegal,2015,3,2015-03,9.1,2.56
Donegal,2015,4,2015-04,9.1,2.56
Donegal,2015,5,2015-05,9.1,2.56
Donegal,2015,6,2015-06,12.1,1.92
Donegal,2015,7,2015-07,12.1,1.92
Donegal,2015,8,2015-08,12.1,1.92
Donegal,2015,9,2015-09,8.1,3.2
Donegal,2015,10,2015-10,8.1,3.2
Donegal,2015,11,2015-11,8.1,3.2
Donegal,2015,12,2015-12,6.1,3.84
Donegal,2016,1,2016-01,6.13,3.84
Donegal,2016,2,2016-02,6.13,3.84
Donegal,2016,3,2016-03,9.13,2.56
Donegal,2016,4,2016-04,9.13,2.56
Donegal,2016,5,2016-05,9.13,2.56
Donegal,2016,6,2016-06,12.13,1.92
Donegal,2016,7,2016-07,12.13,1.92
Donegal,2016,8,2016-08,12.13,1.92
Donegal,2016,9,2016-09,8.13,3.2
Donegal,2016,10,2016-10,8.13,3.2
Donegal,2016,11,2016-11,8.13,3.2
Donegal,2016,12,2016-12,6.13,3.84
Donegal,2017,1,2017-01,6.16,3.84
Donegal,2017,2,2017-02,6.16,3.84
Donegal,2017,3,2017-03,9.16,2.56
Donegal,2017,4,2017-04,9.16,2.56
Donegal,2017,5,2017-05,9.16,2.56
Donegal,2017,6,2017-06,12.16,1.92
Donegal,2017,7,2017-07,12.16,1.92
Donegal,2017,8,2017-08,12.16,1.92
Donegal,2017,9,2017-09,8.16,3.2
Donegal,2017,10,2017-10,8.16,3.2
Donegal,2017,11,2017-11,8.16,3.2
Donegal,2017,12,2017-12,6.16,3.84
Donegal,2018,1,2018-01,6.19,3.84
Donegal,2018,2,2018-02,6.19,3.84
Donegal,2018,3,2018-03,9.19,2.56
Donegal,2018,4,2018-04,9.19,2.56
Donegal,2018,5,2018-05,9.19,2.56
Donegal,2018,6,2018-06,12.19,1.92
Donegal,2018,7,2018-07,12.19,1.92
Donegal,2018,8,2018-08,12.19,1.92
Donegal,2018,9,2018-09,8.19,3.2
Donegal,2018,10,2018-10,8.19,3.2
Donegal,2018,11,2018-11,8.19,3.2
Donegal,2018,12,2018-12,6.19,3.84
Donegal,2019,1,2019-01,6.22,3.84
Donegal,2019,2,2019-02,6.22,3.84
Donegal,2019,3,2019-03,9.22,2.56
Donegal,2019,4,2019-04,9.22,2.56
Donegal,2019,5,2019-05,9.22,2.56
Donegal,2019,6,2019-06,12.22,1.92
Donegal,2019,7,2019-07,12.22,1.92
Donegal,2019,8,2019-08,12.22,1.92
Donegal,2019,9,2019-09,8.22,3.2
Donegal,2019,10,2019-10,8.22,3.2
Donegal,2019,11,2019-11,8.22,3.2
Donegal,2019,12,2019-12,6.22,3.84
Donegal,2020,1,2020-01,6.25,3.84
Donegal,2020,2,2020-02,6.25,3.84
Donegal,2020,3,2020-03,9.25,2.56
Donegal,2020,4,2020-04,9.25,2.56
Donegal,2020,5,2020-05,9.25,2.56
Donegal,2020,6,2020-06,12.25,1.92
Donegal,2020,7,2020-07,12.25,1.92
Donegal,2020,8,2020-08,12.25,1.92
Donegal,2020,9,2020-09,8.25,3.2
Donegal,2020,10,2020-10,8.25,3.2
Donegal,2020,11,2020-11,8.25,3.2
Donegal,2020,12,2020-12,6.25,3.84
Donegal,2021,1,2021-01,6.28,3.84
Donegal,2021,2,2021-02,6.28,3.84
Donegal,2021,3,2021-03,9.28,2.56
Donegal,2021,4,2021-04,9.28,2.56
Donegal,2021,5,2021-05,9.28,2.56
Donegal,2021,6,2021-06,12.28,1.92
Donegal,2021,7,2021-07,12.28,1.92
Donegal,2021,8,2021-08,12.28,1.92
Donegal,2021,9,2021-09,8.28,3.2
Donegal,2021,10,2021-10,8.28,3.2
Donegal,2021,11,2021-11,8.28,3.2
Donegal,2021,12,2021-12,6.28,3.84
Donegal,2022,1,2022-01,6.31,3.84
Donegal,2022,2,2022-02,6.31,3.84
Donegal,2022,3,2022-03,9.31,2.56
Donegal,2022,4,2022-04,9.31,2.56
Donegal,2022,5,2022-05,9.31,2.56
Donegal,2022,6,2022-06,12.31,1.92
Donegal,2022,7,2022-07,12.31,1.92
Donegal,2022,8,2022-08,12.31,1.92
Donegal,2022,9,2022-09,8.31,3.2
Donegal,2022,10,2022-10,8.31,3.2
Donegal,2022,11,2022-11,8.31,3.2
Donegal,2022,12,2022-12,6.31,3.84
Donegal,2023,1,2023-01,6.34,3.84
Donegal,2023,2,2023-02,6.34,3.84
Donegal,2023,3,2023-03,9.34,2.56
Donegal,2023,4,2023-04,9.34,2.56
Donegal,2023,5,2023-05,9.34,2.56
Donegal,2023,6,2023-06,12.34,1.92
Donegal,2023,7,2023-07,12.34,1.92
Donegal,2023,8,2023-08,12.34,1.92
Donegal,2023,9,2023-09,8.34,3.2
Donegal,2023,10,2023-10,8.34,3.2
Donegal,2023,11,2023-11,8.34,3.2
Donegal,2023,12,2023-12,6.34,3.84
Donegal,2024,1,2024-01,6.37,3.84
Donegal,2024,2,2024-02,6.37,3.84
Donegal,2024,3,2024-03,9.37,2.56
Donegal,2024,4,2024-04,9.37,2.56
Donegal,2024,5,2024-05,9.37,2.56
Donegal,2024,6,2024-06,12.37,1.92
Donegal,2024,7,2024-07,12.37,1.92
Donegal,2024,8,2024-08,12.37,1.92
Donegal,2024,9,2024-09,8.37,3.2
Donegal,2024,10,2024-10,8.37,3.2
Donegal,2024,11,2024-11,8.37,3.2
Donegal,2024,12,2024-12,6.37,3.84
Donegal,2025,1,2025-01,6.4,3.84
Donegal,2025,2,2025-02,6.4,3.84
Donegal,2025,3,2025-03,9.4,2.56
Donegal,2025,4,2025-04,9.4,2.56
Wexford,2015,1,2015-01,7.7,3.12
Wexford,2015,2,2015-02,7.7,3.12
Wexford,2015,3,2015-03,10.7,2.08
Wexford,2015,4,2015-04,10.7,2.08
Wexford,2015,5,2015-05,10.7,2.08
Wexford,2015,6,2015-06,13.7,1.56
Wexford,2015,7,2015-07,13.7,1.56
Wexford,2015,8,2015-08,13.7,1.56
Wexford,2015,9,2015-09,9.7,2.6
Wexford,2015,10,2015-10,9.7,2.6
Wexford,2015,11,2015-11,9.7,2.6
Wexford,2015,12,2015-12,7.7,3.12
Wexford,2016,1,2016-01,7.73,3.12
Wexford,2016,2,2016-02,7.73,3.12
Wexford,2016,3,2016-03,10.73,2.08
Wexford,2016,4,2016-04,10.73,2.08
Wexford,2016,5,2016-05,10.73,2.08
Wexford,2016,6,2016-06,13.73,1.56
Wexford,2016,7,2016-07,13.73,1.56
Wexford,2016,8,2016-08,13.73,1.56
Wexford,2016,9,2016-09,9.73,2.6
Wexford,2016,10,2016-10,9.73,2.6
Wexford,2016,11,2016-11,9.73,2.6
Wexford,2016,12,2016-12,7.73,3.12
Wexford,2017,1,2017-01,7.76,3.12
Wexford,2017,2,2017-02,7.76,3.12
Wexford,2017,3,2017-03,10.76,2.08
Wexford,2017,4,2017-04,10.76,2.08
Wexford,2017,5,2017-05,10.76,2.08
Wexford,2017,6,2017-06,13.76,1.56
Wexford,2017,7,2017-07,13.76,1.56
Wexford,2017,8,2017-08,13.76,1.56
Wexford,2017,9,2017-09,9.76,2.6
Wexford,2017,10,2017-10,9.76,2.6
Wexford,2017,11,2017-11,9.76,2.6
Wexford,2017,12,2017-12,7.76,3.12
Wexford,2018,1,2018-01,7.79,3.12
Wexford,2018,2,2018-02,7.79,3.12
Wexford,2018,3,2018-03,10.79,2.08
Wexford,2018,4,2018-04,10.79,2.08
Wexford,2018,5,2018-05,10.79,2.08
Wexford,2018,6,2018-06,13.79,1.56
Wexford,2018,7,2018-07,13.79,1.56
Wexford,2018,8,2018-08,13.79,1.56
Wexford,2018,9,2018-09,9.79,2.6
Wexford,2018,10,2018-10,9.79,2.6
Wexford,2018,11,2018-11,9.79,2.6
Wexford,2018,12,2018-12,7.79,3.12
Wexford,2019,1,2019-01,7.82,3.12
Wexford,2019,2,2019-02,7.82,3.12
Wexford,2019,3,2019-03,10.82,2.08
Wexford,2019,4,2019-04,10.82,2.08
Wexford,2019,5,2019-05,10.82,2.08
Wexford,2019,6,2019-06,13.82,1.56
Wexford,2019,7,2019-07,13.82,1.56
Wexford,2019,8,2019-08,13.82,1.56
Wexford,2019,9,2019-09,9.82,2.6
Wexford,2019,10,2019-10,9.82,2.6
Wexford,2019,11,2019-11,9.82,2.6
Wexford,2019,12,2019-12,7.82,3.12
Wexford,2020,1,2020-01,7.85,3.12
Wexford,2020,2,2020-02,7.85,3.12
Wexford,2020,3,2020-03,10.85,2.08
Wexford,2020,4,2020-04,10.85,2.08
Wexford,2020,5,2020-05,10.85,2.08
Wexford,2020,6,2020-06,13.85,1.56
Wexford,2020,7,2020-07,13.85,1.56
Wexford,2020,8,2020-08,13.85,1.56
Wexford,2020,9,2020-09,9.85,2.6
Wexford,2020,10,2020-10,9.85,2.6
Wexford,2020,11,2020-11,9.85,2.6
Wexford,2020,12,2020-12,7.85,3.12
Wexford,2021,1,2021-01,7.88,3.12
Wexford,2021,2,2021-02,7.88,3.12
Wexford,2021,3,2021-03,10.88,2.08
Wexford,2021,4,2021-04,10.88,2.08
Wexford,2021,5,2021-05,10.88,2.08
Wexford,2021,6,2021-06,13.88,1.56
Wexford,2021,7,2021-07,13.88,1.56
Wexford,2021,8,2021-08,13.88,1.56
Wexford,2021,9,2021-09,9.88,2.6
Wexford,2021,10,2021-10,9.88,2.6
Wexford,2021,11,2021-11,9.88,2.6
Wexford,2021,12,2021-12,7.88,3.12
Wexford,2022,1,2022-01,7.91,3.12
Wexford,2022,2,2022-02,7.91,3.12
Wexford,2022,3,2022-03,10.91,2.08
Wexford,2022,4,2022-04,10.91,2.08
Wexford,2022,5,2022-05,10.91,2.08
Wexford,2022,6,2022-06,13.91,1.56
Wexford,2022,7,2022-07,13.91,1.56
Wexford,2022,8,2022-08,13.91,1.56
Wexford,2022,9,2022-09,9.91,2.6
Wexford,2022,10,2022-10,9.91,2.6
Wexford,2022,11,2022-11,9.91,2.6
Wexford,2022,12,2022-12,7.91,3.12
Wexford,2023,1,2023-01,7.94,3.12
Wexford,2023,2,2023-02,7.94,3.12
Wexford,2023,3,2023-03,10.94,2.08
Wexford,2023,4,2023-04,10.94,2.08
Wexford,2023,5,2023-05,10.94,2.08
Wexford,2023,6,2023-06,13.94,1.56
Wexford,2023,7,2023-07,13.94,1.56
Wexford,2023,8,2023-08,13.94,1.56
Wexford,2023,9,2023-09,9.94,2.6
Wexford,2023,10,2023-10,9.94,2.6
Wexford,2023,11,2023-11,9.94,2.6
Wexford,2023,12,2023-12,7.94,3.12
Wexford,2024,1,2024-01,7.97,3.12
Wexford,2024,2,2024-02,7.97,3.12
Wexford,2024,3,2024-03,10.97,2.08
Wexford,2024,4,2024-04,10.97,2.08
Wexford,2024,5,2024-05,10.97,2.08
Wexford,2024,6,2024-06,13.97,1.56
Wexford,2024,7,2024-07,13.97,1.56
Wexford,2024,8,2024-08,13.97,1.56
Wexford,2024,9,2024-09,9.97,2.6
Wexford,2024,10,2024-10,9.97,2.6
Wexford,2024,11,2024-11,9.97,2.6
Wexford,2024,12,2024-12,7.97,3.12
Wexford,2025,1,2025-01,8.0,3.12
Wexford,2025,2,2025-02,8.0,3.12
Wexford,2025,3,2025-03,11.0,2.08
Wexford,2025,4,2025-04,11.0,2.08
Roscommon,2015,1,2015-01,6.8,3.24
Roscommon,2015,2,2015-02,6.8,3.24
Roscommon,2015,3,2015-03,9.8,2.16
Roscommon,2015,4,2015-04,9.8,2.16
Roscommon,2015,5,2015-05,9.8,2.16
Roscommon,2015,6,2015-06,12.8,1.62
Roscommon,2015,7,2015-07,12.8,1.62
Roscommon,2015,8,2015-08,12.8,1.62
Roscommon,2015,9,2015-09,8.8,2.7
Roscommon,2015,10,2015-10,8.8,2.7
Roscommon,2015,11,2015-11,8.8,2.7
Roscommon,2015,12,2015-12,6.8,3.24
Roscommon,2016,1,2016-01,6.83,3.24
Roscommon,2016,2,2016-02,6.83,3.24
Roscommon,2016,3,2016-03,9.83,2.16
Roscommon,2016,4,2016-04,9.83,2.16
Roscommon,2016,5,2016-05,9.83,2.16
Roscommon,2016,6,2016-06,12.83,1.62
Roscommon,2016,7,2016-07,12.83,1.62
Roscommon,2016,8,2016-08,12.83,1.62
Roscommon,2016,9,2016-09,8.83,2.7
Roscommon,2016,10,2016-10,8.83,2.7
Roscommon,2016,11,2016-11,8.83,2.7
Roscommon,2016,12,2016-12,6.83,3.24
Roscommon,2017,1,2017-01,6.86,3.24
Roscommon,2017,2,2017-02,6.86,3.24
Roscommon,2017,3,2017-03,9.86,2.16
Roscommon,2017,4,2017-04,9.86,2.16
Roscommon,2017,5,2017-05,9.86,2.16
Roscommon,2017,6,2017-06,12.86,1.62
Roscommon,2017,7,2017-07,12.86,1.62
Roscommon,2017,8,2017-08,12.86,1.62
Roscommon,2017,9,2017-09,8.86,2.7
Roscommon,2017,10,2017-10,8.86,2.7
Roscommon,2017,11,2017-11,8.86,2.7
Roscommon,2017,12,2017-12,6.86,3.24
Roscommon,2018,1,2018-01,6.89,3.24
Roscommon,2018,2,2018-02,6.89,3.24
Roscommon,2018,3,2018-03,9.89,2.16
Roscommon,2018,4,2018-04,9.89,2.16
Roscommon,2018,5,2018-05,9.89,2.16
Roscommon,2018,6,2018-06,12.89,1.62
Roscommon,2018,7,2018-07,12.89,1.62
Roscommon,2018,8,2018-08,12.89,1.62
Roscommon,2018,9,2018-09,8.89,2.7
Roscommon,2018,10,2018-10,8.89,2.7
Roscommon,2018,11,2018-11,8.89,2.7
Roscommon,2018,12,2018-12,6.89,3.24
Roscommon,2019,1,2019-01,6.92,3.24
Roscommon,2019,2,2019-02,6.92,3.24
Roscommon,2019,3,2019-03,9.92,2.16
Roscommon,2019,4,2019-04,9.92,2.16
Roscommon,2019,5,2019-05,9.92,2.16
Roscommon,2019,6,2019-06,12.92,1.62
Roscommon,2019,7,2019-07,12.92,1.62
Roscommon,2019,8,2019-08,12.92,1.62
Roscommon,2019,9,2019-09,8.92,2.7
Roscommon,2019,10,2019-10,8.92,2.7
Roscommon,2019,11,2019-11,8.92,2.7
Roscommon,2019,12,2019-12,6.92,3.24
Roscommon,2020,1,2020-01,6.95,3.24
Roscommon,2020,2,2020-02,6.95,3.24
Roscommon,2020,3,2020-03,9.95,2.16
Roscommon,2020,4,2020-04,9.95,2.16
Roscommon,2020,5,2020-05,9.95,2.16
Roscommon,2020,6,2020-06,12.95,1.62
Roscommon,2020,7,2020-07,12.95,1.62
Roscommon,2020,8,2020-08,12.95,1.62
Roscommon,2020,9,2020-09,8.95,2.7
Roscommon,2020,10,2020-10,8.95,2.7
Roscommon,2020,11,2020-11,8.95,2.7
Roscommon,2020,12,2020-12,6.95,3.24
Roscommon,2021,1,2021-01,6.98,3.24
Roscommon,2021,2,2021-02,6.98,3.24
Roscommon,2021,3,2021-03,9.98,2.16
Roscommon,2021,4,2021-04,9.98,2.16
Roscommon,2021,5,2021-05,9.98,2.16
Roscommon,2021,6,2021-06,12.98,1.62
Roscommon,2021,7,2021-07,12.98,1.62
Roscommon,2021,8,2021-08,12.98,1.62
Roscommon,2021,9,2021-09,8.98,2.7
Roscommon,2021,10,2021-10,8.98,2.7
Roscommon,2021,11,2021-11,8.98,2.7
Roscommon,2021,12,2021-12,6.98,3.24
Roscommon,2022,1,2022-01,7.01,3.24
Roscommon,2022,2,2022-02,7.01,3.24
Roscommon,2022,3,2022-03,10.01,2.16
Roscommon,2022,4,2022-04,10.01,2.16
Roscommon,2022,5,2022-05,10.01,2.16
Roscommon,2022,6,2022-06,13.01,1.62
Roscommon,2022,7,2022-07,13.01,1.62
Roscommon,2022,8,2022-08,13.01,1.62
Roscommon,2022,9,2022-09,9.01,2.7
Roscommon,2022,10,2022-10,9.01,2.7
Roscommon,2022,11,2022-11,9.01,2.7
Roscommon,2022,12,2022-12,7.01,3.24
Roscommon,2023,1,2023-01,7.04,3.24
Roscommon,2023,2,2023-02,7.04,3.24
Roscommon,2023,3,2023-03,10.04,2.16
Roscommon,2023,4,2023-04,10.04,2.16
Roscommon,2023,5,2023-05,10.04,2.16
Roscommon,2023,6,2023-06,13.04,1.62
Roscommon,2023,7,2023-07,13.04,1.62
Roscommon,2023,8,2023-08,13.04,1.62
Roscommon,2023,9,2023-09,9.04,2.7
Roscommon,2023,10,2023-10,9.04,2.7
Roscommon,2023,11,2023-11,9.04,2.7
Roscommon,2023,12,2023-12,7.04,3.24
Roscommon,2024,1,2024-01,7.07,3.24
Roscommon,2024,2,2024-02,7.07,3.24
Roscommon,2024,3,2024-03,10.07,2.16
Roscommon,2024,4,2024-04,10.07,2.16
Roscommon,2024,5,2024-05,10.07,2.16
Roscommon,2024,6,2024-06,13.07,1.62
Roscommon,2024,7,2024-07,13.07,1.62
Roscommon,2024,8,2024-08,13.07,1.62
Roscommon,2024,9,2024-09,9.07,2.7
Roscommon,2024,10,2024-10,9.07,2.7
Roscommon,2024,11,2024-11,9.07,2.7
Roscommon,2024,12,2024-12,7.07,3.24
Roscommon,2025,1,2025-01,7.1,3.24
Roscommon,2025,2,2025-02,7.1,3.24
Roscommon,2025,3,2025-03,10.1,2.16
Roscommon,2025,4,2025-04,10.1,2.16
